INSERT INTO chordLibrary (name, long_name, img)
VALUES
('C', 'C major', 'C'),
('A', 'A major', 'A'),
('Am', 'A minor', 'Am'),
('E', 'E major', 'E'),
('Em', 'E minor', 'Em'),
('G', 'G major', 'G'),
('D', 'D major', 'D'),
('Dm', 'D min', 'Dm'),
('F', 'F major', 'F'),
('Fmaj7', 'F major 7th', 'Fmaj7'),
('F#m11', 'F-sharp major eleventh chord', 'Fsm11'),
('Bsus4', 'B suspended fourth chord', 'Bsus4'),
('Cmaj7', 'C major 7th', 'Cmaj7');


INSERT INTO song (name, artist, length, img, img_alt, genre, difficulty, tempo, capo, tuning, chords, delay)
VALUES ('Learn To Fly', 'Foo Fighters', '3:54', 'foofighters', 'Foo Fighters band', 'Alt Rock', 2, 136, 0, 'standard', 'Bsus4, F#m11, E, G, A, D', 2500),
('The Only Exception', 'Paramore', '4:27', 'paramore', 'Paramore band', 'Alt', 2, 138, 4, 'standard', 'G, Dm, Cmaj7, Am, D, F, C', 4200);

INSERT INTO chord (song_id, name, strum_pattern)
VALUES
(1, 'Bsus4', 'D,D,U U,D,U'),
(1, 'F#m11', 'D,D,U U,D,U'),
(1, 'E', 'D,D,U U,D,U'),
(1, 'G', 'D,D,U U,D,U'),
(1, 'A', 'D,D,U U,D,U'),
(1, 'D', 'D,D,U U,D,U'),
(2, 'G', 'D D,U,D,U'),
(2, 'Dm', 'D D,U,D,U'),
(2, 'Cmaj7', 'D D,U,D,U'),
(2, 'Am', 'D D,U,D,U'),
(2, 'D', 'D D,U,D,U'),
(2, 'F', 'D D,U,D,U'),
(2, 'C', 'D D,U,D,U'),
(2, 'F', 'D'),
(2, 'G', 'D'),
(2, 'C', 'D'),
(1, '', 'D,D,U U,D,U'),
(2, '', 'D D,U,D,U'),
(1, 'F#m11', 'D'),
(1, 'A', 'D'),
(1, 'E', 'D');


INSERT INTO
	section (name, song_id)
VALUES
	('Intro', 1),
	('Verse1', 1),
	('Verse2', 1),
	('Verse3', 1),
	('Chorus1', 1),
	('Chorus2', 1),
	('Chorus3', 1),
	('Bridge', 1),
	('Bridge2', 1),
	('Instrumental', 1),
	('Outro', 1);

INSERT INTO song_section (song_id, section_id, section_order)
VALUES
(1, 1, 1),
(1, 2, 2),
(1, 5, 3),
(1, 10, 4),
(1, 3, 5),
(1, 6, 6),
(1, 8, 7),
(1, 7, 8),
(1, 9, 9);

INSERT INTO section_chord (section_id, chord_id, chord_order, duration, lyrics)
VALUES
(1, 17, 1, 2, ''),
(1, 1, 2, 1.7, ''),
(1, 2, 3, 1.7, ''),
(1, 3, 4, 1.7, ''),
(1, 3, 5, 1.7, ''),
(1, 1, 6, 1.7, ''),
(1, 2, 7, 1.7, ''),
(1, 3, 8, 1.8, ''),
(1, 3, 9, 1.8, ''),
(2, 1, 10, 1.8, 'Run and tell all of the'),
(2, 2, 11, 1.7, 'angels,'),
(2, 3, 12, 1.7, 'This could take all'),
(2, 3, 13, 1.7, 'night.'),
(2, 1, 14, 1.9, 'Think I need a devil to'),
(2, 2, 15, 1.7, 'help me get things'),
(2, 3, 16, 1.7, 'right.'),
(2, 3, 17, 1.9, ''),
(2, 1, 18, 1.7, 'Hook me up a new revolution,'),
(2, 2, 19, 1.7, ''),
(2, 3, 20, 1.7, 'this one is a'),
(2, 3, 21, 1.9, 'lie.'),
(2, 1, 22, 1.7, 'We sat around laughing'),
(2, 2, 23, 1.7, 'and watched the last one'),
(2, 3, 24, 1.7, 'die.'),
(2, 3, 25, 1.9, ''),
(5, 1, 26, 1.7, "Now, I'm lookin' to the sky to"),
(5, 2, 27, 1.8, 'save me.'),
(5, 3, 28, 1.8, "Lookin' for a sign of"),
(5, 3, 29, 1.7, 'life.'),
(5, 1, 30, 1.9, "Lookin' for something to"),
(5, 2, 31, 1.9, 'help me burn out'),
(5, 3, 32, 1.6, 'bright.'),
(5, 3, 33, 1.8, ''),
(5, 1, 34, 1.7, "And I'm lookin' for a"),
(5, 2, 35, 1.7, 'complication.'),
(5, 3, 36, 1.7, "Lookin' 'cause I'm tired of"),
(5, 3, 37, 1.9, "lyin'."),
(5, 4, 38, 1.8, 'Make my way back home'),
(5, 5, 39, 1.6, 'where I learn to fly high.'),
(10, 1, 40, 1.6, ''),
(10, 2, 41, 2, ''),
(10, 3, 42, 2, ''),
(10, 3, 43, 1.9, ''),
(10, 1, 44, 1.8, ''),
(10, 2, 45, 1.8, ''),
(10, 3, 46, 1.7, ''),
(10, 3, 47, 2, ''),
(3, 1, 48, 1.7, "I think I'm done nursin' the"),
(3, 2, 49, 1.7, 'patience,'),
(3, 3, 50, 1.7, 'it can wait one'),
(3, 3, 51, 1.7, 'night.'),
(3, 1, 52, 1.7, "I'd give it all away if you"),
(3, 2, 53, 1.7, 'give me one last'),
(3, 3, 54, 1.7, 'try.'),
(3, 3, 55, 1.7, ''),
(3, 1, 56, 1.7, "We'll live happily"),
(3, 2, 57, 1.7, 'ever trapped if'),
(3, 3, 58, 1.7, 'you just save my'),
(3, 3, 59, 1.7, 'life.'),
(3, 1, 60, 1.7, 'Run and tell the angels,'),
(3, 2, 61, 1.7, "that everything's"),
(3, 3, 62, 2, 'alright.'),
(3, 3, 63, 1.7, ''),
(6, 1, 64, 2, "Now, I'm lookin' to the sky to"),
(6, 2, 65, 1.8, 'save me.'),
(6, 3, 66, 1.8, "Lookin' for a sign of"),
(6, 3, 67, 1.7, 'life.'),
(6, 1, 68, 1.8, "Lookin' for something to help"),
(6, 2, 69, 1.5, 'me burn out'),
(6, 3, 70, 1.7, 'bright.'),
(6, 3, 71, 1.7, ''),
(6, 1, 72, 1.9, "I'm lookin' for a"),
(6, 2, 73, 1.5, 'complication'),
(6, 3, 74, 1.9, "Lookin' 'cause I'm tired of"),
(6, 3, 75, 1.7, "tryin'."),
(6, 4, 76, 2, 'Make my way back home'),
(6, 5, 77, 1.8, 'where I learn to fly'),
(6, 3, 78, 1.8, 'high.'),
(6, 4, 79, 1.7, 'Make my way back'),
(6, 5, 80, 1.5, 'home where I learn to'),
(8, 1, 81, 1.7, 'Fly along'),
(8, 4, 82, 1.7, 'with me, I'),
(8, 6, 83, 1.7, "can't quite make it"),
(8, 3, 84, 1.7, 'alone.'),
(8, 4, 85, 1.7, 'Try to make this'),
(8, 5, 86, 1.7, 'life my own.'),
(8, 1, 87, 1.7, 'Fly along'),
(8, 4, 88, 1.7, 'with me, I'),
(8, 6, 89, 1.7, "can't quite make it"),
(8, 3, 90, 1.7, 'alone.'),
(8, 4, 91, 1.7, 'Try to make this'),
(8, 5, 92, 2, 'life my own.'),
(7, 1, 93, 2.2, "I'm lookin' to the sky to"),
(7, 2, 94, 1.7, 'save me.'),
(7, 3, 95, 1.9, "I'm lookin' for a sign of life."),
(7, 3, 96, 1.7, ''),
(7, 1, 97, 1.7, "Lookin' for something to help"),
(7, 2, 98, 1.7, 'me burn out'),
(7, 3, 99, 1.7, 'bright.'),
(7, 3, 100, 1.7, ''),
(7, 1, 101, 1.7, "I'm lookin' for a"),
(7, 2, 102, 1.7, 'complication.'),
(7, 3, 103, 1.7, "Lookin' 'cause I'm tired of"),
(7, 3, 104, 1.7, "tryin'."),
(7, 4, 105, 1.7, 'Make my way back'),
(7, 5, 106, 1.7, 'home where I learn to'),
(7, 1, 107, 1.7, "Lookin' to the sky to"),
(7, 2, 108, 1.7, 'save me.'),
(7, 3, 109, 1.7, "I'm lookin' for a sign of life."),
(7, 3, 110, 1.7, ''),
(7, 1, 111, 1.7, "Lookin' for something to help"),
(7, 2, 112, 1.7, 'me burn out'),
(7, 3, 113, 1.7, 'bright.'),
(7, 3, 114, 1.7, ''),
(7, 1, 115, 1.7, "I'm lookin' for a"),
(7, 2, 116, 1.7, 'complication.'),
(7, 3, 117, 1.7, "Lookin' 'cause I'm tired of"),
(7, 3, 118, 1.7, "tryin'."),
(7, 4, 119, 1.7, 'Make my way back'),
(7, 5, 120, 1.7, 'home where I learn to'),
(7, 3, 121, 1.7, 'fly high.'),
(7, 4, 122, 1.7, 'Make my way back'),
(7, 5, 123, 1.7, 'home where I learn to'),
(7, 3, 124, 1.7, 'fly.'),
(7, 4, 125, 1.7, 'Make my way back'),
(7, 5, 126, 1.7, 'home where I learn to...'),
(11, 1, 127, 1.5, ''),
(11, 1, 128, 1.5, ''),
(11, 1, 129, 1.5, ''),
(11, 1, 130, 1.5, ''),
(11, 19, 131, 1, ''),
(11, 20, 132, 1, ''),
(11, 21, 133, 1, '');


INSERT INTO section (name, song_id)
VALUES
('Intro', 2),
('Verse1', 2),
('Chorus1', 2),
('Instrumental1', 2),
('Verse2', 2),
('Chorus2', 2),
('Instrumental2', 2),
('Bridge1', 2),
('Outro', 2),
('Chorus3', 2);

INSERT INTO song_section (song_id, section_id, section_order)
VALUES
(2, 12, 1),
(2, 13, 2),
(2, 14, 3),
(2, 15, 4),
(2, 16, 5),
(2, 17, 6),
(2, 18, 7),
(2, 19, 8),
(2, 20, 9),
(2, 21, 10);

INSERT INTO section_chord (section_id, chord_id, chord_order, duration, lyrics)
VALUES
(12, 18, 1, 3.5, ''),
(12, 7, 2, 1.3, ''),
(12, 7, 3, 1.3, ''),
(12, 7, 4, 1.3, ''),
(12, 7, 5, 1.4, ''),
(12, 8, 6, 1.3, ''),
(12, 8, 7, 1.3, ''),
(12, 9, 8, 1.3, ''),
(12, 9, 9, 1.3, ''),
(12, 7, 10, 1.3, ''),
(12, 7, 11, 1.3, ''),
(12, 7, 12, 1.3, ''),
(12, 7, 13, 1.3, ''),
(12, 8, 14, 1.3, ''),
(12, 8, 15, 1.3, ''),
(12, 9, 16, 1.3, ''),
(12, 9, 17, 1.3, ''),
(13, 7, 18, 1.3, 'When I was'),
(13, 7, 19, 1.3, 'younger I'),
(13, 7, 20, 1.3, 'saw'),
(13, 7, 21, 1.3, 'my daddy'),
(13, 8, 22, 1.3, 'cry and'),
(13, 8, 23, 1.3, 'curse at the'),
(13, 9, 24, 1.3, 'wind.'),
(13, 9, 25, 1.2, ''),
(13, 7, 26, 1.3, 'He broke his own'),
(13, 7, 27, 1.3, 'heart and I'),
(13, 7, 28, 1.3, 'watched'),
(13, 7, 29, 1.3, 'as he tried to'),
(13, 8, 30, 1.3, 're-'),
(13, 8, 31, 1.3, 'assemble'),
(13, 9, 32, 1.3, 'it.'),
(13, 9, 33, 1.3, ''),
(13, 7, 34, 1.3, 'And my mama'),
(13, 7, 35, 1.3, 'swore that she'),
(13, 7, 36, 1.3, 'would'),
(13, 7, 37, 1.3, 'never let'),
(13, 8, 38, 1.3, 'her'),
(13, 8, 39, 1.3, 'self'),
(13, 9, 40, 1.3, 'forget.'),
(13, 9, 41, 1.3, ''),
(13, 7, 42, 1.3, 'And that was the'),
(13, 7, 43, 1.3, 'day that I'),
(13, 7, 44, 1.3, 'promised,'),
(13, 7, 45, 1.2, "I'd never sing of"),
(13, 8, 46, 1.2, 'love'),
(13, 8, 47, 1.2, 'if it does not'),
(13, 9, 48, 1.3, 'exist.'),
(13, 9, 49, 1.3, 'Darling,'),
(14, 7, 50, 1.3, 'you'),
(14, 7, 51, 1.3, 'are'),
(14, 7, 52, 1.3, 'the only'),
(14, 7, 53, 1.3, 'exception.'),
(14, 8, 54, 1.3, 'You'),
(14, 8, 55, 1.3, 'are'),
(14, 9, 56, 1.3, 'the only'),
(14, 9, 57, 1.3, 'exception.'),
(14, 7, 58, 1.3, 'You'),
(14, 7, 59, 1.3, 'are'),
(14, 7, 60, 1.3, 'the only'),
(14, 7, 61, 1.3, 'exception.'),
(14, 8, 62, 1.3, 'You'),
(14, 8, 63, 1.3, 'are'),
(14, 9, 64, 1.2, 'the only'),
(14, 9, 65, 1.2, 'exception.'),
(15, 7, 66, 1.3, ''),
(15, 7, 67, 1.3, ''),
(15, 7, 68, 1.3, ''),
(15, 7, 69, 1.3, ''),
(16, 7, 70, 1.3, 'Maybe I'),
(16, 7, 71, 1.3, 'know'),
(16, 7, 72, 1.3, 'somewhere'),
(16, 7, 73, 1.3, 'deep in my'),
(16, 8, 74, 1.3, 'soul,'),
(16, 8, 75, 1.3, 'that love never'),
(16, 9, 76, 1.3, 'lasts.'),
(16, 9, 77, 1.3, ''),
(16, 7, 78, 1.3, "And we've got to"),
(16, 7, 79, 1.3, 'find other'),
(16, 7, 80, 1.3, 'ways'),
(16, 7, 81, 1.3, 'to make it'),
(16, 8, 82, 1.3, 'alone'),
(16, 8, 83, 1.3, 'or keep a straight'),
(16, 9, 84, 1.3, 'face.'),
(16, 9, 85, 1.3, ''),
(16, 7, 86, 1.3, "And I've always"),
(16, 7, 87, 1.3, 'lived like'),
(16, 7, 88, 1.3, 'this,'),
(16, 7, 89, 1.3, 'keeping a'),
(16, 8, 90, 1.3, 'comfortable'),
(16, 8, 91, 1.3, ''),
(16, 9, 92, 1.3, 'distance.'),
(16, 9, 93, 1.3, ''),
(16, 7, 94, 1.3, 'And up until'),
(16, 7, 95, 1.3, 'now I had'),
(16, 7, 96, 1.3, 'sworn to myself'),
(16, 7, 97, 1.3, "that I'm"),
(16, 8, 98, 1.3, 'content'),
(16, 8, 99, 1.3, 'with loneliness.'),
(16, 9, 100, 1.3, ''),
(16, 9, 101, 1.3, ''),
(16, 9, 102, 1.3, 'Because none of it was ever'),
(16, 9, 103, 1.2, 'worth the risk.'),
(17, 7, 104, 1.3, 'Well, you'),
(17, 7, 105, 1.3, 'are'),
(17, 7, 106, 1.3, 'the only'),
(17, 7, 107, 1.2, 'exception.'),
(17, 8, 108, 1.3, 'You'),
(17, 8, 109, 1.3, 'are'),
(17, 9, 110, 1.3, 'the only'),
(17, 9, 111, 1.3, 'exception.'),
(17, 7, 112, 1.3, 'You'),
(17, 7, 113, 1.3, 'are'),
(17, 7, 114, 1.3, 'the only'),
(17, 7, 115, 1.3, 'exception.'),
(17, 8, 116, 1.3, 'You'),
(17, 8, 117, 1.3, 'are'),
(17, 9, 118, 1.3, 'the only'),
(17, 9, 119, 1.3, 'exception.'),
(18, 10, 120, 1.2, ''),
(18, 10, 121, 1.3, ''),
(18, 10, 122, 1.3, ''),
(18, 10, 123, 1.3, ''),
(18, 7, 124, 1.3, ''),
(18, 7, 125, 1.3, ''),
(18, 11, 126, 1.3, ''),
(18, 11, 127, 1.3, ''),
(18, 10, 128, 1.3, ''),
(18, 10, 129, 1.3, ''),
(18, 10, 130, 1.3, ''),
(18, 10, 131, 1.3, ''),
(18, 7, 132, 1.3, ''),
(18, 7, 133, 1.3, ''),
(18, 11, 134, 1.3, ''),
(19, 11, 135, 1.3, "I've got a"),
(19, 10, 136, 1.3, 'tight grip on'),
(19, 10, 137, 1.3, 'reality, but'),
(19, 10, 138, 1.3, "I can't"),
(19, 10, 139, 1.3, 'let go'),
(19, 7, 140, 1.3, "of what's"),
(19, 7, 141, 1.3, 'in front of me'),
(19, 11, 142, 1.3, 'here.'),
(19, 11, 143, 1.3, "I know you're"),
(19, 10, 144, 1.3, 'leaving in the'),
(19, 10, 145, 1.3, 'morning when you'),
(19, 10, 146, 1.3, 'wake up.'),
(19, 10, 147, 1.3, 'Leave me'),
(19, 7, 148, 1.3, 'with some kind of'),
(19, 7, 149, 1.3, "proof it's not a"),
(19, 11, 150, 1.3, 'dream,'),
(19, 11, 151, 1.5, 'whoa.'),
(19, 13, 152, 2.3, ''),
(19, 13, 153, 1.6, ''),
(21, 7, 154, 1.3, 'You'),
(21, 7, 155, 1.3, 'are'),
(21, 7, 156, 1.3, 'the only'),
(21, 7, 157, 1.3, 'exception.'),
(21, 8, 158, 1.3, 'You'),
(21, 8, 159, 1.3, 'are'),
(21, 9, 160, 1.3, 'the only'),
(21, 9, 161, 1.3, 'exception.'),
(21, 7, 162, 1.3, 'You'),
(21, 7, 163, 1.3, 'are'),
(21, 7, 164, 1.3, 'the'),
(21, 7, 165, 1.3, 'exception.'),
(21, 8, 166, 1.3, 'You'),
(21, 8, 167, 1.3, 'are'),
(21, 9, 168, 1.3, 'the only'),
(21, 9, 169, 1.3, 'exception.'),
(21, 7, 170, 1.3, 'You'),
(21, 7, 171, 1.3, 'are'),
(21, 7, 172, 1.3, 'the only'),
(21, 7, 173, 1.3, 'exception.'),
(21, 8, 174, 1.3, 'You'),
(21, 8, 175, 1.3, 'are'),
(21, 9, 176, 1.3, 'the only'),
(21, 9, 177, 1.3, 'exception.'),
(21, 7, 178, 1.3, 'You'),
(21, 7, 179, 1.3, 'are'),
(21, 7, 180, 1.3, 'the only'),
(21, 7, 181, 1.3, 'exception.'),
(21, 8, 182, 1.3, 'You'),
(21, 8, 183, 1.3, 'are'),
(21, 9, 184, 1.3, 'the only'),
(21, 9, 185, 1.3, 'exception.'),
(20, 12, 186, 1.2, "And I'm"),
(20, 12, 187, 1.3, 'on my'),
(20, 13, 188, 1.3, 'way to'),
(20, 13, 189, 1.3, 'believing.'),
(20, 7, 190, 1.3, ''),
(20, 7, 191, 1.3, ''),
(20, 7, 192, 1.3, ''),
(20, 7, 193, 1.3, 'Oh and'),
(20, 14, 194, 1.6, "I'm on my"),
(20, 15, 195, 2.3, 'way to believing.'),
(20, 16, 196, 2.6, '');